﻿<?xml version="1.0" encoding="UTF-8"?>
<MobileAppInfo xmlns="http://v8.1c.ru/8.3/mobile-application/app" xmlns:app="http://v8.1c.ru/8.2/managed-application/core" xmlns:bsch="http://v8.1c.ru/8.2/data/bsl" xmlns:cfg="http://v8.1c.ru/8.1/data/enterprise/current-config" xmlns:chm="http://v8.1c.ru/8.2/data/chart" xmlns:cmi="http://v8.1c.ru/8.2/managed-application/cmi" xmlns:dcscor="http://v8.1c.ru/8.1/data-composition-system/core" xmlns:dcsset="http://v8.1c.ru/8.1/data-composition-system/settings" xmlns:dl="http://v8.1c.ru/8.2/managed-application/dynamic-list" xmlns:ent="http://v8.1c.ru/8.1/data/enterprise" xmlns:lf="http://v8.1c.ru/8.2/managed-application/logform" xmlns:mf="http://v8.1c.ru/8.3/mobile-application/form" xmlns:mxl="http://v8.1c.ru/8.2/data/spreadsheet" xmlns:pal="http://v8.1c.ru/8.1/data/ui/colors/palette" xmlns:pl="http://v8.1c.ru/8.3/data/planner" xmlns:role="http://v8.1c.ru/8.2/roles" xmlns:style="http://v8.1c.ru/8.1/data/ui/style" xmlns:sys="http://v8.1c.ru/8.1/data/ui/fonts/system" xmlns:v8="http://v8.1c.ru/8.1/data/core" xmlns:v8ui="http://v8.1c.ru/8.1/data/ui" xmlns:web="http://v8.1c.ru/8.1/data/ui/colors/web" xmlns:win="http://v8.1c.ru/8.1/data/ui/colors/windows" xmlns:xen="http://v8.1c.ru/8.3/xcf/enums" xmlns:xr="http://v8.1c.ru/8.3/xcf/readable" xmlns:xs="http://www.w3.org/2001/XMLSchema" xmlns:xsi="http://www.w3.org/2001/XMLSchema-instance" name="Контроль" id="b102e140-4447-47d7-a724-a159fd3e0f61" lastUpdateUUID="24580717-18d4-44e9-a5c7-a145fd421a7f" compatibilityMode="8.5.1" formatVersion="5" defaultLanguage="Language.Русский" version="1.0.0.2">
	<synonym>
		<v8:item>
			<v8:lang>ru</v8:lang>
			<v8:content>Контроль</v8:content>
		</v8:item>
	</synonym>
	<language name="Русский" id="7f723227-322b-437e-aac9-7766af3db47c" languageCode="ru">
		<synonym>
			<v8:item>
				<v8:lang>ru</v8:lang>
				<v8:content>Русский</v8:content>
			</v8:item>
		</synonym>
	</language>
	<requiredPermission>
		<app:permission>Location</app:permission>
		<app:use>false</app:use>
		<app:description/>
	</requiredPermission>
	<requiredPermission>
		<app:permission>Contacts</app:permission>
		<app:use>false</app:use>
		<app:description/>
	</requiredPermission>
	<requiredPermission>
		<app:permission>Calendars</app:permission>
		<app:use>false</app:use>
		<app:description/>
	</requiredPermission>
	<requiredPermission>
		<app:permission>PushNotification</app:permission>
		<app:use>false</app:use>
		<app:description/>
	</requiredPermission>
	<requiredPermission>
		<app:permission>LocalNotification</app:permission>
		<app:use>false</app:use>
		<app:description/>
	</requiredPermission>
	<requiredPermission>
		<app:permission>Print</app:permission>
		<app:use>false</app:use>
		<app:description/>
	</requiredPermission>
	<requiredPermission>
		<app:permission>InAppPurchases</app:permission>
		<app:use>false</app:use>
		<app:description/>
	</requiredPermission>
	<requiredPermission>
		<app:permission>Ads</app:permission>
		<app:use>false</app:use>
		<app:description/>
	</requiredPermission>
	<requiredPermission>
		<app:permission>BackgroundLocation</app:permission>
		<app:use>false</app:use>
		<app:description/>
	</requiredPermission>
	<requiredPermission>
		<app:permission>BackgroundAudioPlayback</app:permission>
		<app:use>false</app:use>
		<app:description/>
	</requiredPermission>
	<requiredPermission>
		<app:permission>FileExchangeWithPersonalComputer</app:permission>
		<app:use>false</app:use>
		<app:description/>
	</requiredPermission>
	<requiredPermission>
		<app:permission>CallPhone</app:permission>
		<app:use>false</app:use>
		<app:description/>
	</requiredPermission>
	<requiredPermission>
		<app:permission>CallLog</app:permission>
		<app:use>false</app:use>
		<app:description/>
	</requiredPermission>
	<requiredPermission>
		<app:permission>HandlePhoneCalls</app:permission>
		<app:use>false</app:use>
		<app:description/>
	</requiredPermission>
	<requiredPermission>
		<app:permission>SendSMS</app:permission>
		<app:use>false</app:use>
		<app:description/>
	</requiredPermission>
	<requiredPermission>
		<app:permission>ReceiveSMS</app:permission>
		<app:use>false</app:use>
		<app:description/>
	</requiredPermission>
	<requiredPermission>
		<app:permission>SMSLog</app:permission>
		<app:use>false</app:use>
		<app:description/>
	</requiredPermission>
	<requiredPermission>
		<app:permission>Camera</app:permission>
		<app:use>true</app:use>
		<app:description/>
	</requiredPermission>
	<requiredPermission>
		<app:permission>Microphone</app:permission>
		<app:use>false</app:use>
		<app:description/>
	</requiredPermission>
	<requiredPermission>
		<app:permission>MusicLibrary</app:permission>
		<app:use>false</app:use>
		<app:description/>
	</requiredPermission>
	<requiredPermission>
		<app:permission>PicturesAndVideoLibraries</app:permission>
		<app:use>false</app:use>
		<app:description/>
	</requiredPermission>
	<requiredPermission>
		<app:permission>AudioAndVibrationPlayback</app:permission>
		<app:use>false</app:use>
		<app:description/>
	</requiredPermission>
	<requiredPermission>
		<app:permission>InstallPackages</app:permission>
		<app:use>false</app:use>
		<app:description/>
	</requiredPermission>
	<requiredPermission>
		<app:permission>AllowOSBackup</app:permission>
		<app:use>true</app:use>
		<app:description/>
	</requiredPermission>
	<requiredPermission>
		<app:permission>Biometrics</app:permission>
		<app:use>false</app:use>
		<app:description/>
	</requiredPermission>
	<requiredPermission>
		<app:permission>BluetoothPrinters</app:permission>
		<app:use>false</app:use>
		<app:description/>
	</requiredPermission>
	<requiredPermission>
		<app:permission>WiFiPrinters</app:permission>
		<app:use>false</app:use>
		<app:description/>
	</requiredPermission>
	<requiredPermission>
		<app:permission>AllFilesAccess</app:permission>
		<app:use>false</app:use>
		<app:description/>
	</requiredPermission>
	<requiredPermission>
		<app:permission>Videoconferences</app:permission>
		<app:use>false</app:use>
		<app:description/>
	</requiredPermission>
	<requiredPermission>
		<app:permission>NFC</app:permission>
		<app:use>false</app:use>
		<app:description/>
	</requiredPermission>
	<requiredPermission>
		<app:permission>PostNotifications</app:permission>
		<app:use>false</app:use>
		<app:description/>
	</requiredPermission>
	<requiredPermission>
		<app:permission>Geofences</app:permission>
		<app:use>false</app:use>
		<app:description/>
	</requiredPermission>
	<requiredPermission>
		<app:permission>IncomingShareRequests</app:permission>
		<app:use>false</app:use>
		<app:description/>
	</requiredPermission>
	<requiredPermission>
		<app:permission>AllIncomingShareRequestsTypesProcessing</app:permission>
		<app:use>false</app:use>
		<app:description/>
	</requiredPermission>
	<requiredFunctionality xsi:type="app:UsedFunctionality">
		<app:functionality>
			<app:functionality>Biometrics</app:functionality>
			<app:use>false</app:use>
		</app:functionality>
		<app:functionality>
			<app:functionality>Location</app:functionality>
			<app:use>false</app:use>
		</app:functionality>
		<app:functionality>
			<app:functionality>BackgroundLocation</app:functionality>
			<app:use>false</app:use>
		</app:functionality>
		<app:functionality>
			<app:functionality>BluetoothPrinters</app:functionality>
			<app:use>false</app:use>
		</app:functionality>
		<app:functionality>
			<app:functionality>WiFiPrinters</app:functionality>
			<app:use>false</app:use>
		</app:functionality>
		<app:functionality>
			<app:functionality>Contacts</app:functionality>
			<app:use>false</app:use>
		</app:functionality>
		<app:functionality>
			<app:functionality>Calendars</app:functionality>
			<app:use>false</app:use>
		</app:functionality>
		<app:functionality>
			<app:functionality>PushNotifications</app:functionality>
			<app:use>false</app:use>
		</app:functionality>
		<app:functionality>
			<app:functionality>LocalNotifications</app:functionality>
			<app:use>false</app:use>
		</app:functionality>
		<app:functionality>
			<app:functionality>InAppPurchases</app:functionality>
			<app:use>false</app:use>
		</app:functionality>
		<app:functionality>
			<app:functionality>PersonalComputerFileExchange</app:functionality>
			<app:use>false</app:use>
		</app:functionality>
		<app:functionality>
			<app:functionality>Ads</app:functionality>
			<app:use>false</app:use>
		</app:functionality>
		<app:functionality>
			<app:functionality>NumberDialing</app:functionality>
			<app:use>false</app:use>
		</app:functionality>
		<app:functionality>
			<app:functionality>CallProcessing</app:functionality>
			<app:use>false</app:use>
		</app:functionality>
		<app:functionality>
			<app:functionality>CallLog</app:functionality>
			<app:use>false</app:use>
		</app:functionality>
		<app:functionality>
			<app:functionality>AutoSendSMS</app:functionality>
			<app:use>false</app:use>
		</app:functionality>
		<app:functionality>
			<app:functionality>ReceiveSMS</app:functionality>
			<app:use>false</app:use>
		</app:functionality>
		<app:functionality>
			<app:functionality>SMSLog</app:functionality>
			<app:use>false</app:use>
		</app:functionality>
		<app:functionality>
			<app:functionality>Camera</app:functionality>
			<app:use>true</app:use>
		</app:functionality>
		<app:functionality>
			<app:functionality>Microphone</app:functionality>
			<app:use>false</app:use>
		</app:functionality>
		<app:functionality>
			<app:functionality>MusicLibrary</app:functionality>
			<app:use>false</app:use>
		</app:functionality>
		<app:functionality>
			<app:functionality>PictureAndVideoLibraries</app:functionality>
			<app:use>false</app:use>
		</app:functionality>
		<app:functionality>
			<app:functionality>AudioPlaybackAndVibration</app:functionality>
			<app:use>false</app:use>
		</app:functionality>
		<app:functionality>
			<app:functionality>BackgroundAudioPlaybackAndVibration</app:functionality>
			<app:use>false</app:use>
		</app:functionality>
		<app:functionality>
			<app:functionality>InstallPackages</app:functionality>
			<app:use>false</app:use>
		</app:functionality>
		<app:functionality>
			<app:functionality>OSBackup</app:functionality>
			<app:use>true</app:use>
		</app:functionality>
		<app:functionality>
			<app:functionality>ApplicationUsageStatistics</app:functionality>
			<app:use>false</app:use>
		</app:functionality>
		<app:functionality>
			<app:functionality>BarcodeScanning</app:functionality>
			<app:use>false</app:use>
		</app:functionality>
		<app:functionality>
			<app:functionality>BackgroundAudioRecording</app:functionality>
			<app:use>false</app:use>
		</app:functionality>
		<app:functionality>
			<app:functionality>AllFilesAccess</app:functionality>
			<app:use>false</app:use>
		</app:functionality>
		<app:functionality>
			<app:functionality>Videoconferences</app:functionality>
			<app:use>false</app:use>
		</app:functionality>
		<app:functionality>
			<app:functionality>NFC</app:functionality>
			<app:use>false</app:use>
		</app:functionality>
		<app:functionality>
			<app:functionality>DocumentScanning</app:functionality>
			<app:use>false</app:use>
		</app:functionality>
		<app:functionality>
			<app:functionality>SpeechToText</app:functionality>
			<app:use>false</app:use>
		</app:functionality>
		<app:functionality>
			<app:functionality>Geofences</app:functionality>
			<app:use>false</app:use>
		</app:functionality>
		<app:functionality>
			<app:functionality>IncomingShareRequests</app:functionality>
			<app:use>false</app:use>
		</app:functionality>
		<app:functionality>
			<app:functionality>AllIncomingShareRequestsTypesProcessing</app:functionality>
			<app:use>false</app:use>
		</app:functionality>
		<app:functionality>
			<app:functionality>TextToSpeech</app:functionality>
			<app:use>false</app:use>
		</app:functionality>
	</requiredFunctionality>
</MobileAppInfo>